,math score,reading score,writing score,result,group_A,group_B,group_C,group_D,group_E,associate,bachelor,high_school,master,some_college,some_school,gender,lunch_standard,preparation
0,72,72,74,1,0,1,0,0,0,0,1,0,0,0,0,0,1,1
1,69,90,88,1,0,0,1,0,0,0,0,0,0,1,0,0,1,0
2,90,95,93,1,0,1,0,0,0,0,0,0,1,0,0,0,1,1
3,47,57,44,0,1,0,0,0,0,1,0,0,0,0,0,1,0,1
4,76,78,75,1,0,0,1,0,0,0,0,0,0,1,0,1,1,1
5,71,83,78,1,0,1,0,0,0,1,0,0,0,0,0,0,1,1
6,88,95,92,1,0,1,0,0,0,0,0,0,0,1,0,0,1,0
7,40,43,39,0,0,1,0,0,0,0,0,0,0,1,0,1,0,1
8,64,64,67,1,0,0,0,1,0,0,0,1,0,0,0,1,0,0
9,38,60,50,0,0,1,0,0,0,0,0,1,0,0,0,0,0,1
10,58,54,52,1,0,0,1,0,0,1,0,0,0,0,0,1,1,1
11,40,52,43,0,0,0,0,1,0,1,0,0,0,0,0,1,1,1
12,65,81,73,1,0,1,0,0,0,0,0,1,0,0,0,0,1,1
13,78,72,70,1,1,0,0,0,0,0,0,0,0,1,0,1,1,0
14,50,53,58,1,1,0,0,0,0,0,0,0,1,0,0,0,1,1
15,69,75,78,1,0,0,1,0,0,0,0,0,0,0,1,0,1,1
16,88,89,86,1,0,0,1,0,0,0,0,1,0,0,0,1,1,1
17,18,32,28,0,0,1,0,0,0,0,0,0,0,0,1,0,0,1
18,46,42,46,0,0,0,1,0,0,0,0,0,1,0,0,1,0,0
19,54,58,61,1,0,0,1,0,0,1,0,0,0,0,0,0,0,1
20,66,69,63,1,0,0,0,1,0,0,0,1,0,0,0,1,1,1
21,65,75,70,1,0,1,0,0,0,0,0,0,0,1,0,0,0,0
22,44,54,53,1,0,0,0,1,0,0,0,0,0,1,0,1,1,1
23,69,73,73,1,0,0,1,0,0,0,0,0,0,0,1,0,1,1
24,74,71,80,1,0,0,0,1,0,0,1,0,0,0,0,1,0,0
25,73,74,72,1,1,0,0,0,0,0,0,0,1,0,0,1,0,1
26,69,54,55,1,0,1,0,0,0,0,0,0,0,1,0,1,1,1
27,67,69,75,1,0,0,1,0,0,0,1,0,0,0,0,0,1,1
28,70,70,65,1,0,0,1,0,0,0,0,1,0,0,0,1,1,1
29,62,70,75,1,0,0,0,1,0,0,0,0,1,0,0,0,1,1
30,69,74,74,1,0,0,0,1,0,0,0,0,0,1,0,0,1,1
31,63,65,61,1,0,1,0,0,0,0,0,0,0,1,0,0,1,1
32,56,72,65,1,0,0,0,0,1,0,0,0,1,0,0,0,0,1
33,40,42,38,0,0,0,0,1,0,0,0,0,0,1,0,1,1,1
34,97,87,82,1,0,0,0,0,1,0,0,0,0,1,0,1,1,1
35,81,81,79,1,0,0,0,0,1,1,0,0,0,0,0,1,1,0
36,74,81,83,1,0,0,0,1,0,1,0,0,0,0,0,0,1,1
37,50,64,59,1,0,0,0,1,0,0,0,0,0,0,1,0,0,1
38,75,90,88,1,0,0,0,1,0,1,0,0,0,0,0,0,0,0
39,57,56,57,1,0,1,0,0,0,1,0,0,0,0,0,1,0,1
40,55,61,54,1,0,0,1,0,0,1,0,0,0,0,0,1,0,1
41,58,73,68,1,0,0,1,0,0,1,0,0,0,0,0,0,1,1
42,53,58,65,1,0,1,0,0,0,1,0,0,0,0,0,0,1,1
43,59,65,66,1,0,1,0,0,0,0,0,0,0,1,0,1,0,0
44,50,56,54,1,0,0,0,0,1,1,0,0,0,0,0,0,0,1
45,65,54,57,1,0,1,0,0,0,1,0,0,0,0,0,1,1,1
46,55,65,62,1,1,0,0,0,0,1,0,0,0,0,0,0,1,0
47,66,71,76,1,0,0,1,0,0,0,0,1,0,0,0,0,1,1
48,57,74,76,1,0,0,0,1,0,1,0,0,0,0,0,0,0,0
49,82,84,82,1,0,0,1,0,0,0,0,1,0,0,0,1,1,0
50,53,55,48,1,0,0,0,0,1,0,0,0,0,1,0,1,1,1
51,77,69,68,1,0,0,0,0,1,1,0,0,0,0,0,1,0,0
52,53,44,42,0,0,0,1,0,0,0,0,0,0,1,0,1,1,1
53,88,78,75,1,0,0,0,1,0,0,0,1,0,0,0,1,1,1
54,71,84,87,1,0,0,1,0,0,0,0,0,0,0,1,0,0,0
55,33,41,43,0,0,0,1,0,0,0,0,1,0,0,0,0,0,1
56,82,85,86,1,0,0,0,0,1,1,0,0,0,0,0,0,1,0
57,52,55,49,1,0,0,0,1,0,1,0,0,0,0,0,1,1,1
58,58,59,58,1,0,0,0,1,0,0,0,0,0,1,0,1,1,0
59,0,17,10,0,0,0,1,0,0,0,0,0,0,0,1,0,0,1
60,79,74,72,1,0,0,0,0,1,0,1,0,0,0,0,1,0,0
61,39,39,34,0,1,0,0,0,0,0,0,0,0,0,1,1,0,1
62,62,61,55,1,1,0,0,0,0,1,0,0,0,0,0,1,0,1
63,69,80,71,1,0,0,1,0,0,1,0,0,0,0,0,0,1,1
64,59,58,59,1,0,0,0,1,0,0,0,0,0,0,1,0,1,1
65,67,64,61,1,0,1,0,0,0,0,0,0,0,0,1,1,1,1
66,45,37,37,0,0,0,0,1,0,0,0,0,0,0,1,1,0,1
67,60,72,74,1,0,0,1,0,0,0,0,0,0,1,0,0,1,1
68,61,58,56,1,0,1,0,0,0,1,0,0,0,0,0,1,0,1
69,39,64,57,1,0,0,1,0,0,1,0,0,0,0,0,0,1,1
70,58,63,73,1,0,0,0,1,0,0,0,0,0,1,0,0,0,0
71,63,55,63,1,0,0,0,1,0,0,0,0,0,1,0,1,1,0
72,41,51,48,0,1,0,0,0,0,1,0,0,0,0,0,0,0,1
73,61,57,56,1,0,0,1,0,0,0,0,0,0,0,1,1,0,1
74,49,49,41,0,0,0,1,0,0,0,0,0,0,0,1,1,1,1
75,44,41,38,0,0,1,0,0,0,1,0,0,0,0,0,1,0,1
76,30,26,22,0,0,0,0,0,1,0,0,0,0,0,1,1,1,1
77,80,78,81,1,1,0,0,0,0,0,1,0,0,0,0,1,1,0
78,61,74,72,1,0,0,0,1,0,0,0,0,0,0,1,0,1,0
79,62,68,68,1,0,0,0,0,1,0,0,0,1,0,0,0,1,1
80,47,49,50,0,0,1,0,0,0,1,0,0,0,0,0,0,1,1
81,49,45,45,0,0,1,0,0,0,0,0,1,0,0,0,1,0,1
82,50,47,54,1,1,0,0,0,0,0,0,0,0,1,0,1,0,0
83,72,64,63,1,0,0,0,0,1,1,0,0,0,0,0,1,1,1
84,42,39,34,0,0,0,0,1,0,0,0,1,0,0,0,1,0,1
85,73,80,82,1,0,0,1,0,0,0,0,0,0,1,0,0,1,1
86,76,83,88,1,0,0,1,0,0,0,0,0,0,1,0,0,0,1
87,71,71,74,1,0,0,0,1,0,1,0,0,0,0,0,0,1,1
88,58,70,67,1,1,0,0,0,0,0,0,0,0,1,0,0,1,1
89,73,86,82,1,0,0,0,1,0,0,0,0,0,0,1,0,1,1
90,65,72,74,1,0,0,1,0,0,0,1,0,0,0,0,0,1,1
91,27,34,36,0,0,0,1,0,0,0,0,1,0,0,0,1,0,1
92,71,79,71,1,0,0,1,0,0,0,0,1,0,0,0,1,1,1
93,43,45,50,0,0,0,1,0,0,1,0,0,0,0,0,1,0,0
94,79,86,92,1,0,1,0,0,0,0,0,0,0,1,0,0,1,1
95,78,81,82,1,0,0,1,0,0,1,0,0,0,0,0,1,0,0
96,65,66,62,1,0,1,0,0,0,0,0,0,0,0,1,1,1,0
97,63,72,70,1,0,0,0,0,1,0,0,0,0,1,0,0,1,0
98,58,67,62,1,0,0,0,1,0,0,0,0,0,1,0,0,0,1
99,65,67,62,1,0,0,0,1,0,0,1,0,0,0,0,0,1,1
100,79,67,67,1,0,1,0,0,0,0,0,0,0,1,0,1,1,1
101,68,74,74,1,0,0,0,1,0,0,1,0,0,0,0,1,1,0
102,85,91,89,1,0,0,0,1,0,1,0,0,0,0,0,0,1,1
103,60,44,47,1,0,1,0,0,0,0,0,1,0,0,0,1,1,0
104,98,86,90,1,0,0,1,0,0,0,0,0,0,1,0,1,1,0
105,58,67,72,1,0,0,1,0,0,0,0,0,0,1,0,0,1,1
106,87,100,100,1,0,0,0,1,0,0,0,0,1,0,0,0,1,1
107,66,63,64,1,0,0,0,0,1,1,0,0,0,0,0,1,1,0
108,52,76,70,1,0,1,0,0,0,1,0,0,0,0,0,0,0,1
109,70,64,72,1,0,1,0,0,0,0,0,0,0,0,1,0,1,1
110,77,89,98,1,0,0,0,1,0,1,0,0,0,0,0,0,0,0
111,62,55,49,1,0,0,1,0,0,0,0,1,0,0,0,1,1,1
112,54,53,47,1,1,0,0,0,0,1,0,0,0,0,0,1,1,1
113,51,58,54,1,0,0,0,1,0,0,0,0,0,1,0,0,1,1
114,99,100,100,1,0,0,0,0,1,0,1,0,0,0,0,0,1,0
115,84,77,74,1,0,0,1,0,0,0,0,1,0,0,0,1,1,1
116,75,85,82,1,0,1,0,0,0,0,1,0,0,0,0,0,0,1
117,78,82,79,1,0,0,0,1,0,0,1,0,0,0,0,0,1,1
118,51,63,61,1,0,0,0,1,0,0,0,0,0,0,1,0,1,1
119,55,69,65,1,0,0,1,0,0,0,0,0,0,1,0,0,1,1
120,79,92,89,1,0,0,1,0,0,0,1,0,0,0,0,0,1,0
121,91,89,92,1,0,1,0,0,0,1,0,0,0,0,0,1,1,0
122,88,93,93,1,0,0,1,0,0,0,0,0,0,1,0,0,1,0
123,63,57,56,1,0,0,0,1,0,0,0,1,0,0,0,1,0,1
124,83,80,73,1,0,0,0,0,1,0,0,0,0,1,0,1,1,1
125,87,95,86,1,0,1,0,0,0,0,0,1,0,0,0,0,1,1
126,72,68,67,1,0,1,0,0,0,0,0,0,0,0,1,1,1,1
127,65,77,74,1,0,0,0,1,0,0,0,0,0,1,0,1,1,0
128,82,82,74,1,0,0,0,1,0,0,0,0,1,0,0,1,1,1
129,51,49,51,1,1,0,0,0,0,0,1,0,0,0,0,0,1,1
130,89,84,82,1,0,0,0,1,0,0,0,0,1,0,0,1,1,1
131,53,37,40,0,0,0,1,0,0,0,0,0,0,0,1,1,0,0
132,87,74,70,1,0,0,0,0,1,0,0,0,0,1,0,1,0,0
133,75,81,84,1,0,0,1,0,0,0,0,0,0,1,0,0,1,0
134,74,79,75,1,0,0,0,1,0,0,1,0,0,0,0,1,0,0
135,58,55,48,1,0,0,1,0,0,0,1,0,0,0,0,1,1,1
136,51,54,41,0,0,1,0,0,0,0,0,0,0,0,1,1,1,0
137,70,55,56,1,0,0,0,0,1,0,0,1,0,0,0,1,1,1
138,59,66,67,1,0,0,1,0,0,1,0,0,0,0,0,0,1,1
139,71,61,69,1,0,0,0,1,0,0,0,0,0,1,0,1,1,0
140,76,72,71,1,0,0,0,1,0,0,0,0,0,0,1,0,1,1
141,59,62,64,1,0,0,1,0,0,0,0,0,0,1,0,0,0,1
142,42,55,54,1,0,0,0,0,1,0,0,0,0,1,0,0,0,0
143,57,43,47,0,1,0,0,0,0,0,0,1,0,0,0,1,1,1
144,88,73,78,1,0,0,0,1,0,0,0,0,0,1,0,1,1,1
145,22,39,33,0,0,0,1,0,0,0,0,0,0,1,0,0,0,1
146,88,84,75,1,0,1,0,0,0,0,0,0,0,0,1,1,1,1
147,73,68,66,1,0,0,1,0,0,1,0,0,0,0,0,1,0,1
148,68,75,81,1,0,0,0,1,0,0,1,0,0,0,0,0,1,0
149,100,100,93,1,0,0,0,0,1,1,0,0,0,0,0,1,0,0
150,62,67,69,1,1,0,0,0,0,0,0,0,0,0,1,1,1,0
151,77,67,68,1,1,0,0,0,0,0,1,0,0,0,0,1,1,1
152,59,70,66,1,0,1,0,0,0,1,0,0,0,0,0,0,1,0
153,54,49,47,0,0,0,0,1,0,0,1,0,0,0,0,1,1,1
154,62,67,61,1,0,0,0,1,0,0,0,0,0,0,1,1,1,1
155,70,89,88,1,0,0,1,0,0,0,0,0,0,1,0,0,1,0
156,66,74,78,1,0,0,0,0,1,0,0,1,0,0,0,0,0,0
157,60,60,60,1,0,1,0,0,0,0,0,0,0,1,0,1,0,1
158,61,86,87,1,0,1,0,0,0,1,0,0,0,0,0,0,1,0
159,66,62,64,1,0,0,0,1,0,1,0,0,0,0,0,1,0,1
160,82,78,74,1,0,1,0,0,0,1,0,0,0,0,0,1,0,0
161,75,88,85,1,0,0,0,0,1,0,0,0,0,1,0,0,0,0
162,49,53,52,1,0,1,0,0,0,0,0,0,1,0,0,1,0,1
163,52,53,49,1,0,0,1,0,0,0,0,1,0,0,0,1,1,1
164,81,92,91,1,0,0,0,0,1,0,0,0,1,0,0,0,1,1
165,96,100,100,1,0,0,1,0,0,0,1,0,0,0,0,0,1,0
166,53,51,51,1,0,0,1,0,0,0,0,1,0,0,0,1,0,0
167,58,76,78,1,0,1,0,0,0,0,0,0,1,0,0,0,0,0
168,68,83,78,1,0,1,0,0,0,0,0,1,0,0,0,0,1,0
169,67,75,70,1,0,0,1,0,0,0,0,0,0,1,0,0,0,0
170,72,73,74,1,1,0,0,0,0,0,0,1,0,0,0,1,1,0
171,94,88,78,1,0,0,0,0,1,0,0,0,0,0,1,1,1,1
172,79,86,81,1,0,0,0,1,0,0,0,0,0,1,0,0,1,1
173,63,67,70,1,0,0,1,0,0,1,0,0,0,0,0,0,1,1
174,43,51,54,0,0,0,1,0,0,0,1,0,0,0,0,0,0,0
175,81,91,87,1,0,0,1,0,0,0,0,0,1,0,0,0,1,0
176,46,54,58,1,0,1,0,0,0,0,0,1,0,0,0,0,0,0
177,71,77,77,1,0,0,1,0,0,1,0,0,0,0,0,0,1,0
178,52,70,62,1,0,1,0,0,0,0,0,0,1,0,0,0,0,0
179,97,100,100,1,0,0,0,1,0,0,0,0,0,0,1,0,1,0
180,62,68,75,1,0,0,1,0,0,0,0,0,1,0,0,1,0,0
181,46,64,66,1,0,0,1,0,0,0,0,0,0,1,0,0,0,1
182,50,50,47,0,0,0,0,0,1,0,0,1,0,0,0,0,1,1
183,65,69,70,1,0,0,0,1,0,1,0,0,0,0,0,0,1,1
184,45,52,49,0,0,0,1,0,0,0,0,0,0,0,1,1,0,0
185,65,67,65,1,0,0,1,0,0,1,0,0,0,0,0,1,0,0
186,80,76,65,1,0,0,0,0,1,0,0,1,0,0,0,1,1,1
187,62,66,68,1,0,0,0,1,0,0,0,0,0,0,1,1,1,0
188,48,52,45,0,0,1,0,0,0,0,0,0,0,0,1,1,0,1
189,77,88,87,1,0,0,1,0,0,0,1,0,0,0,0,0,1,1
190,66,65,69,1,0,0,0,0,1,1,0,0,0,0,0,0,1,1
191,76,83,79,1,0,0,0,1,0,0,0,0,0,1,0,1,1,0
192,62,64,66,1,0,1,0,0,0,0,0,0,0,0,1,0,1,1
193,77,62,62,1,0,0,0,1,0,0,0,0,0,1,0,1,1,0
194,69,84,85,1,0,0,1,0,0,0,0,0,1,0,0,0,1,0
195,61,55,52,1,0,0,0,1,0,1,0,0,0,0,0,1,1,1
196,59,69,65,1,0,0,1,0,0,0,0,0,0,0,1,1,0,0
197,55,56,51,1,0,0,0,0,1,0,0,1,0,0,0,1,0,1
198,45,53,55,1,0,1,0,0,0,0,0,0,0,1,0,0,0,1
199,78,79,76,1,0,1,0,0,0,0,1,0,0,0,0,0,0,1
200,67,84,86,1,0,0,1,0,0,1,0,0,0,0,0,0,1,0
201,65,81,77,1,0,0,0,1,0,0,0,0,0,1,0,0,0,1
202,69,77,69,1,0,0,1,0,0,1,0,0,0,0,0,1,1,1
203,57,69,68,1,0,1,0,0,0,1,0,0,0,0,0,0,1,1
204,59,41,42,0,0,0,1,0,0,0,0,0,0,1,0,1,1,1
205,74,71,78,1,0,0,0,1,0,0,0,0,0,0,1,1,1,0
206,82,62,62,1,0,0,0,0,1,0,1,0,0,0,0,1,1,1
207,81,80,76,1,0,0,0,0,1,0,0,1,0,0,0,1,1,0
208,74,81,76,1,0,1,0,0,0,0,0,0,0,1,0,0,0,1
209,58,61,66,1,0,1,0,0,0,0,0,0,0,1,0,0,0,1
210,80,79,79,1,0,0,0,1,0,0,0,0,0,0,1,1,0,0
211,35,28,27,0,0,0,1,0,0,0,0,0,0,1,0,1,0,1
212,42,62,60,1,0,0,1,0,0,0,0,1,0,0,0,0,0,1
213,60,51,56,1,0,0,1,0,0,1,0,0,0,0,0,1,0,0
214,87,91,81,1,0,0,0,0,1,0,0,1,0,0,0,1,1,0
215,84,83,75,1,0,1,0,0,0,0,0,0,0,0,1,1,1,0
216,83,86,88,1,0,0,0,0,1,1,0,0,0,0,0,0,0,0
217,34,42,39,0,0,0,1,0,0,0,0,1,0,0,0,0,0,1
218,66,77,70,1,0,1,0,0,0,0,0,1,0,0,0,1,0,1
219,61,56,56,1,0,1,0,0,0,0,0,0,0,0,1,1,1,0
220,56,68,74,1,0,0,0,1,0,0,0,1,0,0,0,0,1,0
221,87,85,73,1,0,1,0,0,0,1,0,0,0,0,0,1,1,1
222,55,65,62,1,0,0,1,0,0,0,0,0,0,0,1,0,0,1
223,86,80,75,1,0,0,0,1,0,0,0,0,0,0,1,1,1,1
224,52,66,73,1,0,1,0,0,0,1,0,0,0,0,0,0,1,0
225,45,56,54,1,0,0,0,0,1,0,0,0,1,0,0,0,0,1
226,72,72,71,1,0,0,1,0,0,0,0,0,0,1,0,0,1,1
227,57,50,54,1,0,0,0,1,0,0,0,1,0,0,0,1,1,1
228,68,72,64,1,1,0,0,0,0,0,0,0,0,0,1,1,0,1
229,88,95,94,1,0,0,1,0,0,0,0,0,0,1,0,0,1,0
230,76,64,66,1,0,0,0,1,0,0,0,0,0,1,0,1,1,1
231,46,43,42,0,0,0,1,0,0,1,0,0,0,0,0,1,1,1
232,67,86,83,1,0,1,0,0,0,0,1,0,0,0,0,0,1,1
233,92,87,78,1,0,0,0,0,1,0,0,0,0,0,1,1,1,1
234,83,82,84,1,0,0,1,0,0,0,1,0,0,0,0,1,1,0
235,80,75,77,1,0,0,0,1,0,1,0,0,0,0,0,1,1,1
236,63,66,67,1,0,0,0,1,0,0,1,0,0,0,0,1,0,1
237,64,60,74,1,0,0,0,1,0,0,0,0,0,0,1,0,1,0
238,54,52,51,1,0,1,0,0,0,0,0,0,0,1,0,1,1,1
239,84,80,80,1,0,0,1,0,0,1,0,0,0,0,0,1,1,1
240,73,68,66,1,0,0,0,1,0,0,0,1,0,0,0,1,0,0
241,80,83,83,1,0,0,0,0,1,0,1,0,0,0,0,0,1,1
242,56,52,55,1,0,0,0,1,0,0,0,1,0,0,0,0,1,1
243,59,51,43,1,0,0,0,0,1,0,0,0,0,1,0,1,1,1
244,75,74,69,1,0,0,0,1,0,0,0,0,0,0,1,1,1,1
245,85,76,71,1,0,0,1,0,0,1,0,0,0,0,0,1,1,1
246,89,76,74,1,0,0,0,0,1,1,0,0,0,0,0,1,1,1
247,58,70,68,1,0,1,0,0,0,0,0,1,0,0,0,0,1,0
248,65,64,62,1,0,1,0,0,0,0,0,1,0,0,0,0,1,1
249,68,60,53,1,0,0,1,0,0,0,0,1,0,0,0,1,1,1
250,47,49,49,0,1,0,0,0,0,0,0,0,0,0,1,1,1,0
251,71,83,83,1,0,0,0,1,0,0,0,0,0,1,0,0,0,1
252,60,70,70,1,0,1,0,0,0,0,0,0,0,0,1,0,1,0
253,80,80,72,1,0,0,0,1,0,0,0,0,1,0,0,1,1,1
254,54,52,52,1,0,0,0,1,0,0,0,1,0,0,0,1,1,1
255,62,73,70,1,0,0,0,0,1,0,0,0,0,1,0,0,1,1
256,64,73,68,1,0,0,1,0,0,1,0,0,0,0,0,0,0,1
257,78,77,77,1,0,0,1,0,0,1,0,0,0,0,0,1,1,0
258,70,75,78,1,0,1,0,0,0,0,0,0,0,1,0,0,1,1
259,65,81,81,1,0,0,1,0,0,0,0,0,1,0,0,0,0,0
260,64,79,77,1,0,0,1,0,0,0,0,0,0,0,1,0,0,0
261,79,79,78,1,0,0,1,0,0,0,0,0,0,1,0,1,1,0
262,44,50,51,0,0,0,1,0,0,0,0,0,0,0,1,0,0,1
263,99,93,90,1,0,0,0,0,1,0,0,1,0,0,0,0,1,1
264,76,73,68,1,0,0,0,1,0,0,0,1,0,0,0,1,1,1
265,59,42,41,0,0,0,0,1,0,0,0,0,0,0,1,1,0,1
266,63,75,81,1,0,0,1,0,0,0,1,0,0,0,0,0,1,1
267,69,72,77,1,0,0,0,1,0,0,0,1,0,0,0,0,1,1
268,88,92,95,1,0,0,0,1,0,1,0,0,0,0,0,0,1,0
269,71,76,70,1,0,0,0,0,1,0,0,0,0,1,0,0,0,1
270,69,63,61,1,0,0,1,0,0,0,1,0,0,0,0,1,1,1
271,58,49,42,0,0,0,1,0,0,0,0,0,0,1,0,1,1,1
272,47,53,58,1,0,0,0,1,0,1,0,0,0,0,0,0,0,1
273,65,70,71,1,0,0,0,1,0,0,0,0,0,1,0,0,1,1
274,88,85,76,1,0,1,0,0,0,0,0,0,0,1,0,1,1,0
275,83,78,73,1,0,0,1,0,0,0,1,0,0,0,0,1,1,1
276,85,92,93,1,0,0,1,0,0,0,0,0,0,0,1,0,1,0
277,59,63,75,1,0,0,0,0,1,0,0,1,0,0,0,0,1,0
278,65,86,80,1,0,0,1,0,0,0,0,0,0,0,1,0,0,1
279,73,56,57,1,0,1,0,0,0,0,1,0,0,0,0,1,0,1
280,53,52,42,0,0,0,0,1,0,0,0,1,0,0,0,1,1,1
281,45,48,46,0,0,0,0,1,0,0,0,1,0,0,0,1,1,1
282,73,79,84,1,0,0,0,1,0,0,1,0,0,0,0,0,0,1
283,70,78,78,1,0,0,0,1,0,0,0,0,0,1,0,0,0,0
284,37,46,46,0,0,1,0,0,0,0,0,0,0,0,1,0,1,1
285,81,82,82,1,0,1,0,0,0,1,0,0,0,0,0,1,1,0
286,97,82,88,1,0,0,0,0,1,1,0,0,0,0,0,1,1,0
287,67,89,82,1,0,1,0,0,0,0,0,0,0,0,1,0,1,1
288,88,75,76,1,0,1,0,0,0,0,1,0,0,0,0,1,0,1
289,77,76,77,1,0,0,0,0,1,0,0,0,0,0,1,1,1,0
290,76,70,68,1,0,0,1,0,0,1,0,0,0,0,0,1,1,1
291,86,73,70,1,0,0,0,1,0,0,0,0,0,0,1,1,1,1
292,63,60,57,1,0,0,1,0,0,0,0,0,0,0,1,1,1,0
293,65,73,75,1,0,0,0,0,1,0,1,0,0,0,0,0,1,1
294,78,77,80,1,0,0,0,1,0,0,0,1,0,0,0,1,0,0
295,67,62,60,1,0,1,0,0,0,1,0,0,0,0,0,1,0,1
296,46,41,43,0,1,0,0,0,0,0,0,0,0,0,1,1,1,0
297,71,74,68,1,0,0,0,0,1,1,0,0,0,0,0,1,1,0
298,40,46,50,0,0,0,1,0,0,0,0,1,0,0,0,1,0,0
299,90,87,75,1,0,0,0,1,0,1,0,0,0,0,0,1,0,1
300,81,78,81,1,1,0,0,0,0,0,0,0,0,1,0,1,0,0
301,56,54,52,1,0,0,0,1,0,0,0,0,0,0,1,1,0,1
302,67,84,81,1,0,0,1,0,0,1,0,0,0,0,0,0,1,0
303,80,76,64,1,0,1,0,0,0,1,0,0,0,0,0,1,1,1
304,74,75,83,1,0,0,1,0,0,1,0,0,0,0,0,0,1,0
305,69,67,69,1,1,0,0,0,0,0,0,0,0,1,0,1,1,1
306,99,87,81,1,0,0,0,0,1,0,0,0,0,1,0,1,1,0
307,51,52,44,0,0,0,1,0,0,0,0,0,0,0,1,1,1,1
308,53,71,67,1,0,1,0,0,0,1,0,0,0,0,0,0,0,1
309,49,57,52,1,0,0,0,1,0,0,0,1,0,0,0,0,0,1
310,73,76,80,1,0,1,0,0,0,1,0,0,0,0,0,0,1,1
311,66,60,57,1,0,1,0,0,0,0,1,0,0,0,0,1,1,1
312,67,61,68,1,0,0,0,1,0,0,1,0,0,0,0,1,1,0
313,68,67,69,1,0,0,1,0,0,1,0,0,0,0,0,0,0,0
314,59,64,75,1,0,0,1,0,0,0,1,0,0,0,0,0,1,0
315,71,66,65,1,0,0,1,0,0,0,0,1,0,0,0,1,1,1
316,77,82,91,1,0,0,0,1,0,0,0,0,1,0,0,0,1,0
317,83,72,78,1,0,0,1,0,0,1,0,0,0,0,0,1,1,1
318,63,71,69,1,0,1,0,0,0,0,1,0,0,0,0,1,1,1
319,56,65,63,1,0,0,0,1,0,1,0,0,0,0,0,0,0,1
320,67,79,84,1,0,0,1,0,0,0,0,1,0,0,0,0,0,0
321,75,86,79,1,0,0,0,0,1,0,0,1,0,0,0,0,1,1
322,71,81,80,1,0,0,1,0,0,0,0,0,0,1,0,0,1,1
323,43,53,53,0,0,0,1,0,0,0,0,0,0,0,1,0,0,1
324,41,46,43,0,0,0,1,0,0,0,0,1,0,0,0,0,0,1
325,82,90,94,1,0,0,1,0,0,0,0,0,0,1,0,0,1,1
326,61,61,62,1,0,0,1,0,0,0,0,0,0,1,0,1,1,1
327,28,23,19,0,1,0,0,0,0,0,0,0,0,1,0,1,0,1
328,82,75,77,1,0,0,1,0,0,1,0,0,0,0,0,1,1,0
329,41,55,51,0,0,1,0,0,0,0,0,0,0,0,1,0,1,1
330,71,60,61,1,0,0,1,0,0,0,0,1,0,0,0,1,1,1
331,47,37,35,0,0,0,1,0,0,1,0,0,0,0,0,1,1,1
332,62,56,53,1,0,0,0,0,1,1,0,0,0,0,0,1,1,0
333,90,78,81,1,0,1,0,0,0,1,0,0,0,0,0,1,1,1
334,83,93,95,1,0,0,1,0,0,0,1,0,0,0,0,0,1,1
335,61,68,66,1,0,1,0,0,0,0,0,0,0,1,0,0,0,1
336,76,70,69,1,0,0,0,1,0,0,0,0,0,0,1,1,1,0
337,49,51,43,0,0,0,1,0,0,1,0,0,0,0,0,1,1,1
338,24,38,27,0,0,1,0,0,0,0,0,0,0,0,1,0,0,1
339,35,55,60,0,0,0,0,1,0,0,0,0,0,0,1,0,0,0
340,58,61,52,1,0,0,1,0,0,0,0,1,0,0,0,1,0,1
341,61,73,63,1,0,0,1,0,0,0,0,1,0,0,0,0,1,1
342,69,76,74,1,0,1,0,0,0,0,0,1,0,0,0,0,1,0
343,67,72,67,1,0,0,0,1,0,1,0,0,0,0,0,1,1,0
344,79,73,67,1,0,0,0,1,0,0,0,0,0,1,0,1,1,1
345,72,80,75,1,0,0,1,0,0,0,0,1,0,0,0,0,1,1
346,62,61,57,1,0,1,0,0,0,0,0,0,0,1,0,1,1,1
347,77,94,95,1,0,0,1,0,0,0,1,0,0,0,0,0,1,0
348,75,74,66,1,0,0,0,1,0,0,0,1,0,0,0,1,0,1
349,87,74,76,1,0,0,0,0,1,1,0,0,0,0,0,1,1,1
350,52,65,69,1,0,1,0,0,0,0,1,0,0,0,0,0,1,1
351,66,57,52,1,0,0,0,0,1,0,0,0,0,1,0,1,1,1
352,63,78,80,1,0,0,1,0,0,0,0,0,0,1,0,0,1,0
353,46,58,57,1,0,0,1,0,0,1,0,0,0,0,0,0,1,1
354,59,71,70,1,0,0,1,0,0,0,0,0,0,1,0,0,1,1
355,61,72,70,1,0,1,0,0,0,0,1,0,0,0,0,0,1,1
356,63,61,61,1,1,0,0,0,0,1,0,0,0,0,0,1,1,1
357,42,66,69,1,0,0,1,0,0,0,0,0,0,1,0,0,0,0
358,59,62,61,1,0,0,0,1,0,0,0,0,0,1,0,1,0,1
359,80,90,89,1,0,0,0,1,0,0,0,0,0,1,0,0,1,1
360,58,62,59,1,0,1,0,0,0,0,0,1,0,0,0,0,1,1
361,85,84,78,1,0,1,0,0,0,0,0,0,0,0,1,1,1,0
362,52,58,58,1,0,0,1,0,0,0,0,0,0,1,0,0,1,1
363,27,34,32,0,0,0,0,1,0,0,0,0,0,0,1,0,0,1
364,59,60,58,1,0,0,1,0,0,0,0,0,0,1,0,1,1,1
365,49,58,60,1,1,0,0,0,0,0,1,0,0,0,0,1,0,0
366,69,58,53,1,0,0,1,0,0,0,0,1,0,0,0,1,1,0
367,61,66,61,1,0,0,1,0,0,0,1,0,0,0,0,1,0,1
368,44,64,58,1,1,0,0,0,0,0,0,0,0,0,1,0,0,1
369,73,84,85,1,0,0,0,1,0,0,0,0,0,0,1,0,1,1
370,84,77,71,1,0,0,0,0,1,0,0,0,0,1,0,1,1,1
371,45,73,70,1,0,0,1,0,0,0,0,0,0,1,0,0,0,0
372,74,74,72,1,0,0,0,1,0,0,0,0,0,0,1,1,1,1
373,82,97,96,1,0,0,0,1,0,0,0,0,0,1,0,0,1,0
374,59,70,73,1,0,0,0,1,0,0,1,0,0,0,0,0,1,1
375,46,43,41,0,0,0,0,0,1,1,0,0,0,0,0,1,0,1
376,80,90,82,1,0,0,0,1,0,0,0,0,0,0,1,0,1,1
377,85,95,100,1,0,0,0,1,0,0,0,0,1,0,0,0,0,0
378,71,83,77,1,1,0,0,0,0,0,0,0,0,0,1,0,1,1
379,66,64,62,1,1,0,0,0,0,0,1,0,0,0,0,1,1,1
380,80,86,83,1,0,1,0,0,0,1,0,0,0,0,0,0,1,1
381,87,100,95,1,0,0,1,0,0,1,0,0,0,0,0,1,1,0
382,79,81,71,1,0,0,1,0,0,0,0,0,1,0,0,1,0,1
383,38,49,45,0,0,0,0,0,1,0,0,0,0,0,1,0,0,1
384,38,43,43,0,1,0,0,0,0,0,0,0,0,0,1,0,0,1
385,67,76,75,1,0,0,0,0,1,0,0,0,0,1,0,0,1,1
386,64,73,70,1,0,0,0,0,1,0,1,0,0,0,0,0,1,1
387,57,78,67,1,0,0,1,0,0,1,0,0,0,0,0,0,0,1
388,62,64,64,1,0,0,0,1,0,0,0,1,0,0,0,0,1,1
389,73,70,75,1,0,0,0,1,0,0,0,0,1,0,0,1,1,1
390,73,67,59,1,0,0,0,0,1,0,0,0,0,0,1,1,0,0
391,77,68,77,1,0,0,0,1,0,0,0,0,0,1,0,0,1,1
392,76,67,67,1,0,0,0,0,1,0,0,0,0,1,0,1,1,1
393,57,54,56,1,0,0,1,0,0,1,0,0,0,0,0,1,1,0
394,65,74,77,1,0,0,1,0,0,0,0,0,0,0,1,0,1,0
395,48,45,41,0,1,0,0,0,0,0,0,1,0,0,0,1,0,1
396,50,67,63,1,0,1,0,0,0,0,0,1,0,0,0,0,0,1
397,85,89,95,1,0,0,1,0,0,1,0,0,0,0,0,0,1,1
398,74,63,57,1,0,1,0,0,0,0,0,0,0,0,1,1,1,1
399,60,59,54,1,0,0,0,1,0,0,0,0,0,0,1,1,1,1
400,59,54,67,1,0,0,1,0,0,0,0,0,0,0,1,0,1,0
401,53,43,43,0,1,0,0,0,0,0,0,0,0,1,0,1,1,1
402,49,65,55,1,1,0,0,0,0,0,0,0,0,1,0,0,0,1
403,88,99,100,1,0,0,0,1,0,0,0,1,0,0,0,0,1,0
404,54,59,62,1,0,0,1,0,0,0,0,1,0,0,0,0,1,1
405,63,73,68,1,0,0,1,0,0,0,0,0,0,0,1,0,1,1
406,65,65,63,1,0,1,0,0,0,1,0,0,0,0,0,1,1,0
407,82,80,77,1,0,1,0,0,0,1,0,0,0,0,0,0,1,1
408,52,57,56,1,0,0,0,1,0,0,0,1,0,0,0,0,0,0
409,87,84,85,1,0,0,0,1,0,1,0,0,0,0,0,1,1,0
410,70,71,74,1,0,0,0,1,0,0,0,0,1,0,0,0,1,0
411,84,83,78,1,0,0,0,0,1,0,0,0,0,1,0,1,1,0
412,71,66,60,1,0,0,0,1,0,1,0,0,0,0,0,1,1,1
413,63,67,67,1,0,1,0,0,0,0,0,0,0,0,1,1,1,0
414,51,72,79,1,0,0,1,0,0,0,1,0,0,0,0,0,0,0
415,84,73,69,1,0,0,0,0,1,0,0,1,0,0,0,1,1,1
416,71,74,68,1,0,0,1,0,0,0,1,0,0,0,0,1,1,0
417,74,73,67,1,0,0,1,0,0,1,0,0,0,0,0,1,1,1
418,68,59,62,1,0,0,0,1,0,0,0,0,0,1,0,1,1,1
419,57,56,54,1,0,0,0,0,1,0,0,1,0,0,0,1,0,0
420,82,93,93,1,0,0,1,0,0,1,0,0,0,0,0,0,0,0
421,57,58,64,1,0,0,0,1,0,0,0,1,0,0,0,0,1,0
422,47,58,67,1,0,0,0,1,0,0,0,0,1,0,0,0,0,0
423,59,85,80,1,1,0,0,0,0,0,0,0,0,0,1,0,1,0
424,41,39,34,0,0,1,0,0,0,0,0,0,0,1,0,1,0,1
425,62,67,62,1,0,0,1,0,0,0,0,0,0,1,0,0,0,1
426,86,83,86,1,0,0,1,0,0,0,1,0,0,0,0,1,1,1
427,69,71,65,1,0,0,1,0,0,0,0,0,0,0,1,1,0,1
428,65,59,53,1,1,0,0,0,0,0,0,0,0,0,1,1,0,1
429,68,63,54,1,0,0,1,0,0,0,0,0,0,0,1,1,0,1
430,64,66,59,1,0,0,1,0,0,1,0,0,0,0,0,1,0,1
431,61,72,70,1,0,0,1,0,0,0,0,1,0,0,0,0,1,1
432,61,56,55,1,0,0,1,0,0,0,0,1,0,0,0,1,1,1
433,47,59,50,1,1,0,0,0,0,0,0,0,0,0,1,0,0,1
434,73,66,66,1,0,0,1,0,0,0,0,0,0,0,1,1,1,1
435,50,48,53,1,0,0,1,0,0,0,0,0,0,1,0,1,0,0
436,75,68,64,1,0,0,0,1,0,1,0,0,0,0,0,1,1,1
437,75,66,73,1,0,0,0,1,0,1,0,0,0,0,0,1,0,1
438,70,56,51,1,0,0,1,0,0,0,0,1,0,0,0,1,1,1
439,89,88,82,1,0,0,0,1,0,0,0,0,0,0,1,1,1,0
440,67,81,79,1,0,0,1,0,0,0,0,0,0,1,0,0,1,0
441,78,81,80,1,0,0,0,1,0,0,0,1,0,0,0,0,1,1
442,59,73,69,1,1,0,0,0,0,0,0,0,0,0,1,0,0,1
443,73,83,76,1,0,1,0,0,0,1,0,0,0,0,0,0,1,1
444,79,82,73,1,1,0,0,0,0,0,0,0,0,0,1,1,0,1
445,67,74,77,1,0,0,1,0,0,0,0,0,0,0,1,0,1,0
446,69,66,60,1,0,0,0,1,0,0,0,0,0,1,0,1,0,1
447,86,81,80,1,0,0,1,0,0,0,0,1,0,0,0,1,1,0
448,47,46,42,0,0,1,0,0,0,0,0,1,0,0,0,1,1,1
449,81,73,72,1,0,1,0,0,0,1,0,0,0,0,0,1,1,1
450,64,85,85,1,0,0,1,0,0,0,0,0,0,1,0,0,0,0
451,100,92,97,1,0,0,0,0,1,0,0,0,0,1,0,0,1,1
452,65,77,74,1,0,0,1,0,0,1,0,0,0,0,0,0,0,1
453,65,58,49,1,0,0,1,0,0,0,0,0,0,1,0,1,0,1
454,53,61,62,1,0,0,1,0,0,1,0,0,0,0,0,0,0,1
455,37,56,47,0,0,0,1,0,0,0,1,0,0,0,0,1,0,1
456,79,89,89,1,0,0,0,1,0,0,1,0,0,0,0,0,1,1
457,53,54,48,1,0,0,0,1,0,1,0,0,0,0,0,1,0,1
458,100,100,100,1,0,0,0,0,1,0,1,0,0,0,0,0,1,1
459,72,65,68,1,0,1,0,0,0,0,0,1,0,0,0,1,1,0
460,53,58,55,1,0,0,1,0,0,0,1,0,0,0,0,1,0,1
461,54,54,45,1,0,1,0,0,0,0,0,0,0,1,0,1,0,1
462,71,70,76,1,0,0,0,0,1,0,0,0,0,1,0,0,1,1
463,77,90,91,1,0,0,1,0,0,0,0,0,0,1,0,0,0,1
464,75,58,62,1,1,0,0,0,0,0,1,0,0,0,0,1,1,0
465,84,87,91,1,0,0,1,0,0,0,0,0,0,1,0,0,1,1
466,26,31,38,0,0,0,0,1,0,1,0,0,0,0,0,0,0,1
467,72,67,65,1,1,0,0,0,0,0,0,1,0,0,0,1,0,0
468,77,88,85,1,1,0,0,0,0,0,0,1,0,0,0,0,0,0
469,91,74,76,1,0,0,1,0,0,0,0,0,0,1,0,1,1,1
470,83,85,90,1,0,0,1,0,0,1,0,0,0,0,0,0,1,0
471,63,69,74,1,0,0,1,0,0,0,0,1,0,0,0,0,1,1
472,68,86,84,1,0,0,1,0,0,1,0,0,0,0,0,0,1,0
473,59,67,61,1,0,0,0,1,0,0,0,0,0,0,1,0,1,1
474,90,90,91,1,0,1,0,0,0,1,0,0,0,0,0,0,1,0
475,71,76,83,1,0,0,0,1,0,0,1,0,0,0,0,0,1,0
476,76,62,66,1,0,0,0,0,1,0,1,0,0,0,0,1,1,0
477,80,68,72,1,0,0,0,1,0,1,0,0,0,0,0,1,1,1
478,55,64,70,1,0,0,0,1,0,0,0,0,1,0,0,0,1,1
479,76,71,67,1,0,0,0,0,1,1,0,0,0,0,0,1,1,1
480,73,71,68,1,0,1,0,0,0,0,0,1,0,0,0,1,1,0
481,52,59,56,1,0,0,0,1,0,1,0,0,0,0,0,0,0,1
482,68,68,61,1,0,0,1,0,0,0,0,0,0,1,0,1,0,1
483,59,52,46,1,1,0,0,0,0,0,0,1,0,0,0,1,1,1
484,49,52,54,1,0,1,0,0,0,1,0,0,0,0,0,0,1,1
485,70,74,71,1,0,0,1,0,0,0,0,1,0,0,0,1,1,1
486,61,47,56,1,0,0,0,1,0,0,0,0,0,1,0,1,0,1
487,60,75,74,1,0,0,1,0,0,1,0,0,0,0,0,0,0,1
488,64,53,57,1,0,1,0,0,0,0,0,0,0,0,1,1,1,0
489,79,82,82,1,1,0,0,0,0,1,0,0,0,0,0,1,0,0
490,65,85,76,1,1,0,0,0,0,1,0,0,0,0,0,0,0,1
491,64,64,70,1,0,0,1,0,0,1,0,0,0,0,0,0,1,1
492,83,83,90,1,0,0,1,0,0,0,0,0,0,1,0,0,1,1
493,81,88,90,1,0,0,1,0,0,0,1,0,0,0,0,0,1,1
494,54,64,68,1,0,1,0,0,0,0,0,1,0,0,0,0,1,1
495,68,64,66,1,0,0,0,1,0,0,0,1,0,0,0,1,1,0
496,54,48,52,1,0,0,1,0,0,0,0,0,0,1,0,0,1,1
497,59,78,76,1,0,0,0,1,0,0,0,0,0,1,0,0,0,0
498,66,69,68,1,0,1,0,0,0,0,0,0,0,0,1,0,1,1
499,76,71,72,1,0,0,0,0,1,0,0,0,0,1,0,1,1,1
500,74,79,82,1,0,0,0,1,0,0,0,0,1,0,0,0,1,1
501,94,87,92,1,0,1,0,0,0,1,0,0,0,0,0,0,1,0
502,63,61,54,1,0,0,1,0,0,0,0,0,0,1,0,1,0,1
503,95,89,92,1,0,0,0,0,1,1,0,0,0,0,0,0,1,0
504,40,59,54,1,0,0,0,1,0,0,0,0,1,0,0,0,0,1
505,82,82,80,1,0,1,0,0,0,0,0,0,0,0,1,0,1,1
506,68,70,66,1,1,0,0,0,0,0,0,1,0,0,0,1,1,1
507,55,59,54,1,0,1,0,0,0,0,1,0,0,0,0,1,0,1
508,79,78,77,1,0,0,1,0,0,0,0,0,1,0,0,1,1,1
509,86,92,87,1,0,0,1,0,0,0,1,0,0,0,0,0,1,1
510,76,71,73,1,0,0,0,1,0,0,0,0,0,1,0,1,1,1
511,64,50,43,1,1,0,0,0,0,0,0,0,0,0,1,1,1,1
512,62,49,52,1,0,0,0,1,0,0,0,0,0,0,1,1,0,1
513,54,61,62,1,0,1,0,0,0,0,0,0,0,0,1,0,1,0
514,77,97,94,1,0,1,0,0,0,0,0,0,1,0,0,0,0,0
515,76,87,85,1,0,0,1,0,0,0,0,0,0,0,1,0,1,0
516,74,89,84,1,0,0,0,1,0,0,0,0,0,1,0,0,1,1
517,66,74,73,1,0,0,0,0,1,0,0,0,0,1,0,0,1,0
518,66,78,78,1,0,0,0,1,0,0,0,0,0,0,1,0,1,0
519,67,78,79,1,0,1,0,0,0,0,0,1,0,0,0,0,0,0
520,71,49,52,1,0,0,0,1,0,0,0,0,0,1,0,1,1,1
521,91,86,84,1,0,0,1,0,0,1,0,0,0,0,0,0,1,1
522,69,58,57,1,0,0,0,1,0,0,1,0,0,0,0,1,1,1
523,54,59,50,1,0,0,1,0,0,0,0,0,1,0,0,1,0,1
524,53,52,49,1,0,0,1,0,0,0,0,1,0,0,0,1,1,0
525,68,60,59,1,0,0,0,0,1,0,0,0,0,1,0,1,1,1
526,56,61,60,1,0,0,1,0,0,0,0,0,0,0,1,1,0,0
527,36,53,43,0,0,0,1,0,0,0,0,1,0,0,0,0,0,1
528,29,41,47,0,0,0,0,1,0,0,1,0,0,0,0,0,0,1
529,62,74,70,1,0,0,1,0,0,1,0,0,0,0,0,0,1,1
530,68,67,73,1,0,0,1,0,0,1,0,0,0,0,0,0,1,0
531,47,54,53,1,0,0,1,0,0,0,0,0,0,0,1,0,1,1
532,62,61,58,1,0,0,0,0,1,1,0,0,0,0,0,1,1,0
533,79,88,94,1,0,0,0,0,1,1,0,0,0,0,0,0,1,0
534,73,69,68,1,0,1,0,0,0,0,0,1,0,0,0,1,1,0
535,66,83,83,1,0,0,1,0,0,0,1,0,0,0,0,0,0,0
536,51,60,58,1,0,0,1,0,0,1,0,0,0,0,0,1,1,0
537,51,66,62,1,0,0,0,1,0,0,0,1,0,0,0,0,1,1
538,85,66,71,1,0,0,0,0,1,0,1,0,0,0,0,1,1,0
539,97,92,86,1,1,0,0,0,0,1,0,0,0,0,0,1,1,0
540,75,69,68,1,0,0,1,0,0,0,0,1,0,0,0,1,1,0
541,79,82,80,1,0,0,0,1,0,1,0,0,0,0,0,1,0,0
542,81,77,79,1,0,0,1,0,0,1,0,0,0,0,0,0,1,1
543,82,95,89,1,0,0,0,1,0,1,0,0,0,0,0,0,1,1
544,64,63,66,1,0,0,0,1,0,0,0,0,1,0,0,0,1,1
545,78,83,80,1,0,0,0,0,1,0,0,0,0,0,1,1,0,0
546,92,100,97,1,1,0,0,0,0,0,0,0,0,0,1,0,1,0
547,72,67,64,1,0,0,1,0,0,0,0,1,0,0,0,1,1,0
548,62,67,64,1,0,0,1,0,0,0,0,1,0,0,0,0,0,1
549,79,72,69,1,0,0,1,0,0,0,0,0,1,0,0,1,1,1
550,79,76,65,1,0,0,1,0,0,0,0,0,0,0,1,1,0,1
551,87,90,88,1,0,1,0,0,0,0,1,0,0,0,0,1,0,0
552,40,48,50,0,0,1,0,0,0,1,0,0,0,0,0,0,1,1
553,77,62,64,1,0,0,0,1,0,0,0,0,0,1,0,1,0,1
554,53,45,40,0,0,0,0,0,1,1,0,0,0,0,0,1,1,1
555,32,39,33,0,0,0,1,0,0,0,0,0,0,1,0,0,0,1
556,55,72,79,1,0,0,1,0,0,1,0,0,0,0,0,0,1,0
557,61,67,66,1,0,0,1,0,0,0,0,0,1,0,0,1,0,1
558,53,70,70,1,0,1,0,0,0,1,0,0,0,0,0,0,0,1
559,73,66,62,1,0,0,0,1,0,0,0,0,0,0,1,1,1,1
560,74,75,79,1,0,0,0,1,0,0,0,0,0,1,0,0,1,0
561,63,74,74,1,0,0,1,0,0,0,0,0,0,1,0,0,1,1
562,96,90,92,1,0,0,1,0,0,0,1,0,0,0,0,1,1,0
563,63,80,80,1,0,0,0,1,0,0,0,0,0,1,0,0,0,0
564,48,51,46,0,0,1,0,0,0,0,1,0,0,0,0,1,0,1
565,48,43,45,0,0,1,0,0,0,1,0,0,0,0,0,1,1,1
566,92,100,100,1,0,0,0,0,1,0,1,0,0,0,0,0,0,0
567,61,71,78,1,0,0,0,1,0,0,0,0,1,0,0,0,0,0
568,63,48,47,1,0,1,0,0,0,0,0,1,0,0,0,1,0,1
569,68,68,67,1,0,0,0,1,0,0,1,0,0,0,0,1,0,1
570,71,75,70,1,0,1,0,0,0,0,0,0,0,1,0,1,1,0
571,91,96,92,1,1,0,0,0,0,0,1,0,0,0,0,1,1,1
572,53,62,56,1,0,0,1,0,0,0,0,0,0,1,0,0,1,1
573,50,66,64,1,0,0,1,0,0,0,0,1,0,0,0,0,0,0
574,74,81,71,1,0,0,0,0,1,0,0,1,0,0,0,0,1,1
575,40,55,53,0,1,0,0,0,0,1,0,0,0,0,0,1,0,0
576,61,51,52,1,1,0,0,0,0,0,0,0,0,1,0,1,1,0
577,81,91,89,1,0,1,0,0,0,0,0,1,0,0,0,0,1,1
578,48,56,58,1,0,1,0,0,0,0,0,0,0,1,0,0,0,0
579,53,61,68,1,0,0,0,1,0,0,0,0,1,0,0,0,1,1
580,81,97,96,1,0,0,0,1,0,0,0,0,0,0,1,0,1,1
581,77,79,80,1,0,0,0,0,1,0,0,0,0,0,1,0,1,1
582,63,73,78,1,0,0,0,1,0,0,1,0,0,0,0,0,0,1
583,73,75,80,1,0,0,0,1,0,1,0,0,0,0,0,0,1,0
584,69,77,77,1,0,0,0,1,0,0,0,0,0,1,0,0,1,1
585,65,76,76,1,0,0,1,0,0,1,0,0,0,0,0,0,1,1
586,55,73,73,1,1,0,0,0,0,0,0,1,0,0,0,0,1,1
587,44,63,62,1,0,0,1,0,0,0,1,0,0,0,0,0,0,1
588,54,64,65,1,0,0,1,0,0,0,0,0,0,1,0,0,1,1
589,48,66,65,1,1,0,0,0,0,0,0,0,0,0,1,0,1,1
590,58,57,54,1,0,0,1,0,0,0,0,0,0,1,0,1,0,1
591,71,62,50,1,1,0,0,0,0,0,0,0,0,0,1,1,1,1
592,68,68,64,1,0,0,0,0,1,0,1,0,0,0,0,1,1,1
593,74,76,73,1,0,0,0,0,1,0,0,1,0,0,0,0,1,1
594,92,100,99,1,0,0,1,0,0,0,1,0,0,0,0,0,1,0
595,56,79,72,1,0,0,1,0,0,0,1,0,0,0,0,0,1,0
596,30,24,15,0,0,1,0,0,0,0,0,1,0,0,0,1,0,1
597,53,54,48,1,1,0,0,0,0,0,0,0,0,0,1,1,1,1
598,69,77,73,1,0,0,0,1,0,0,0,1,0,0,0,0,1,1
599,65,82,81,1,0,0,0,1,0,0,0,0,0,0,1,0,1,1
600,54,60,63,1,0,0,0,1,0,0,0,0,1,0,0,0,1,1
601,29,29,30,0,0,0,1,0,0,0,0,1,0,0,0,0,1,1
602,76,78,80,1,0,0,0,0,1,0,0,0,0,1,0,0,1,1
603,60,57,51,1,0,0,0,1,0,0,0,1,0,0,0,1,0,1
604,84,89,90,1,0,0,0,1,0,0,0,0,1,0,0,1,0,0
605,75,72,62,1,0,0,1,0,0,0,0,0,0,0,1,1,1,1
606,85,84,82,1,0,0,1,0,0,1,0,0,0,0,0,0,1,1
607,40,58,54,1,0,0,1,0,0,0,0,0,1,0,0,0,0,1
608,61,64,62,1,0,0,0,0,1,0,0,0,0,1,0,0,1,1
609,58,63,65,1,0,1,0,0,0,1,0,0,0,0,0,0,1,1
610,69,60,63,1,0,0,0,1,0,0,0,0,0,1,0,1,0,0
611,58,59,66,1,0,0,1,0,0,0,0,0,0,1,0,0,1,1
612,94,90,91,1,0,0,1,0,0,0,1,0,0,0,0,1,1,0
613,65,77,74,1,0,0,1,0,0,1,0,0,0,0,0,0,1,1
614,82,93,93,1,1,0,0,0,0,1,0,0,0,0,0,0,1,1
615,60,68,72,1,0,0,1,0,0,0,0,1,0,0,0,0,1,1
616,37,45,38,0,0,0,0,0,1,0,1,0,0,0,0,0,1,1
617,88,78,83,1,0,0,0,1,0,0,1,0,0,0,0,1,1,1
618,95,81,84,1,0,0,0,1,0,0,0,0,1,0,0,1,1,1
619,65,73,68,1,0,0,1,0,0,1,0,0,0,0,0,1,0,0
620,35,61,54,0,0,0,1,0,0,0,0,1,0,0,0,0,0,1
621,62,63,56,1,0,1,0,0,0,0,1,0,0,0,0,1,0,1
622,58,51,52,1,0,0,1,0,0,0,0,1,0,0,0,1,0,0
623,100,96,86,1,1,0,0,0,0,0,0,0,0,1,0,1,1,0
624,61,58,62,1,0,0,0,0,1,0,1,0,0,0,0,0,0,1
625,100,97,99,1,0,0,0,1,0,0,0,0,0,1,0,1,1,0
626,69,70,63,1,0,1,0,0,0,1,0,0,0,0,0,1,0,0
627,61,48,46,1,0,0,0,1,0,1,0,0,0,0,0,1,1,1
628,49,57,46,1,0,0,0,1,0,0,0,0,0,1,0,1,0,1
629,44,51,55,0,0,0,1,0,0,0,0,0,0,0,1,0,1,0
630,67,64,70,1,0,0,0,1,0,0,0,0,0,1,0,1,1,1
631,79,60,65,1,0,1,0,0,0,0,0,1,0,0,0,1,1,1
632,66,74,81,1,0,1,0,0,0,0,1,0,0,0,0,0,1,0
633,75,88,85,1,0,0,1,0,0,0,0,1,0,0,0,0,1,1
634,84,84,80,1,0,0,0,1,0,0,0,0,0,0,1,1,1,1
635,71,74,64,1,1,0,0,0,0,0,0,1,0,0,0,1,1,1
636,67,80,81,1,0,1,0,0,0,0,0,1,0,0,0,0,0,0
637,80,92,88,1,0,0,0,1,0,0,0,0,0,0,1,0,1,0
638,86,76,74,1,0,0,0,0,1,0,0,0,0,1,0,1,1,1
639,76,74,73,1,0,0,0,1,0,1,0,0,0,0,0,0,1,1
640,41,52,51,0,0,0,0,1,0,0,0,1,0,0,0,1,1,1
641,74,88,90,1,0,0,0,1,0,1,0,0,0,0,0,0,0,0
642,72,81,79,1,0,1,0,0,0,0,0,0,0,0,1,0,0,1
643,74,79,80,1,0,0,0,0,1,0,0,1,0,0,0,0,1,0
644,70,65,60,1,0,1,0,0,0,0,0,1,0,0,0,1,1,1
645,65,81,81,1,0,1,0,0,0,0,1,0,0,0,0,0,1,0
646,59,70,65,1,0,0,0,1,0,1,0,0,0,0,0,0,1,1
647,64,62,68,1,0,0,0,0,1,0,0,1,0,0,0,0,0,1
648,50,53,55,1,0,1,0,0,0,0,0,1,0,0,0,0,1,1
649,69,79,81,1,0,0,0,1,0,0,0,0,0,1,0,0,1,0
650,51,56,53,1,0,0,1,0,0,0,0,0,0,0,1,1,0,0
651,68,80,76,1,1,0,0,0,0,0,0,1,0,0,0,0,1,0
652,85,86,98,1,0,0,0,1,0,0,0,0,0,1,0,0,1,0
653,65,70,74,1,1,0,0,0,0,1,0,0,0,0,0,0,1,0
654,73,79,79,1,0,1,0,0,0,0,0,0,0,0,1,0,1,1
655,62,67,67,1,0,1,0,0,0,0,0,0,0,1,0,0,1,1
656,77,67,64,1,0,0,1,0,0,1,0,0,0,0,0,1,0,1
657,69,66,61,1,0,0,0,1,0,0,0,0,0,0,1,1,1,1
658,43,60,58,1,0,0,0,1,0,1,0,0,0,0,0,0,0,1
659,90,87,85,1,0,0,0,1,0,1,0,0,0,0,0,1,1,1
660,74,77,73,1,0,0,1,0,0,0,0,0,0,1,0,1,0,1
661,73,66,63,1,0,0,1,0,0,0,0,0,0,0,1,1,1,1
662,55,71,69,1,0,0,0,1,0,0,0,0,0,1,0,0,0,1
663,65,69,67,1,0,0,1,0,0,0,0,1,0,0,0,0,1,1
664,80,63,63,1,0,0,0,1,0,1,0,0,0,0,0,1,1,1
665,50,60,60,1,0,0,1,0,0,0,0,0,0,0,1,0,0,0
666,63,73,71,1,0,0,1,0,0,0,0,0,0,1,0,0,0,0
667,77,85,87,1,0,1,0,0,0,0,1,0,0,0,0,0,0,1
668,73,74,61,1,0,0,1,0,0,0,0,0,0,1,0,1,1,1
669,81,72,77,1,0,0,0,1,0,1,0,0,0,0,0,1,1,0
670,66,76,68,1,0,0,1,0,0,0,0,1,0,0,0,0,0,1
671,52,57,50,1,0,0,0,1,0,1,0,0,0,0,0,1,0,1
672,69,78,76,1,0,0,1,0,0,0,0,0,0,1,0,0,1,1
673,65,84,84,1,0,0,1,0,0,1,0,0,0,0,0,0,1,0
674,69,77,78,1,0,0,0,1,0,0,0,1,0,0,0,0,1,0
675,50,64,66,1,0,1,0,0,0,0,0,0,0,1,0,0,1,0
676,73,78,76,1,0,0,0,0,1,0,0,0,0,1,0,0,1,0
677,70,82,76,1,0,0,1,0,0,0,0,0,0,0,1,0,1,0
678,81,75,78,1,0,0,0,1,0,1,0,0,0,0,0,1,0,1
679,63,61,60,1,0,0,0,1,0,0,0,0,0,1,0,1,0,1
680,67,72,74,1,0,0,0,1,0,0,0,1,0,0,0,0,1,1
681,60,68,60,1,0,1,0,0,0,0,0,1,0,0,0,1,1,1
682,62,55,54,1,0,1,0,0,0,0,0,1,0,0,0,1,1,1
683,29,40,44,0,0,0,1,0,0,0,0,0,0,0,1,0,0,0
684,62,66,68,1,0,1,0,0,0,0,0,0,0,1,0,1,1,0
685,94,99,100,1,0,0,0,0,1,0,0,0,1,0,0,0,1,0
686,85,75,68,1,0,0,0,0,1,0,0,0,0,1,0,1,1,0
687,77,78,73,1,0,0,0,1,0,1,0,0,0,0,0,1,0,1
688,53,58,44,1,1,0,0,0,0,0,0,1,0,0,0,1,0,1
689,93,90,83,1,0,0,0,0,1,0,0,0,0,1,0,1,0,1
690,49,53,53,1,0,0,1,0,0,1,0,0,0,0,0,0,1,1
691,73,76,78,1,0,0,0,0,1,1,0,0,0,0,0,0,0,1
692,66,74,81,1,0,0,1,0,0,0,1,0,0,0,0,0,0,0
693,77,77,73,1,0,0,0,1,0,1,0,0,0,0,0,0,1,1
694,49,63,56,1,0,0,1,0,0,0,0,0,0,0,1,0,1,1
695,79,89,86,1,0,0,0,1,0,0,0,0,0,1,0,0,0,1
696,75,82,90,1,0,0,1,0,0,1,0,0,0,0,0,0,1,0
697,59,72,70,1,1,0,0,0,0,0,1,0,0,0,0,0,1,1
698,57,78,79,1,0,0,0,1,0,1,0,0,0,0,0,0,1,0
699,66,66,59,1,0,0,1,0,0,0,0,1,0,0,0,1,0,1
700,79,81,82,1,0,0,0,0,1,0,1,0,0,0,0,0,1,0
701,57,67,72,1,0,1,0,0,0,0,0,0,0,0,1,0,1,1
702,87,84,87,1,1,0,0,0,0,0,1,0,0,0,0,1,1,0
703,63,64,67,1,0,0,0,1,0,0,0,0,0,1,0,0,1,1
704,59,63,64,1,0,1,0,0,0,0,0,0,0,0,1,0,0,0
705,62,72,65,1,1,0,0,0,0,0,1,0,0,0,0,1,0,1
706,46,34,36,0,0,0,0,1,0,0,0,1,0,0,0,1,1,1
707,66,59,52,1,0,0,1,0,0,0,0,0,0,1,0,1,1,1
708,89,87,79,1,0,0,0,1,0,0,0,1,0,0,0,1,1,1
709,42,61,58,1,0,0,0,1,0,1,0,0,0,0,0,0,0,0
710,93,84,90,1,0,0,1,0,0,0,0,0,0,1,0,1,1,0
711,80,85,85,1,0,0,0,0,1,0,0,0,0,0,1,0,1,0
712,98,100,99,1,0,0,0,1,0,0,0,0,0,1,0,0,1,1
713,81,81,84,1,0,0,0,1,0,0,0,0,1,0,0,1,1,1
714,60,70,74,1,0,1,0,0,0,0,0,0,0,0,1,0,1,0
715,76,94,87,1,0,1,0,0,0,1,0,0,0,0,0,0,0,0
716,73,78,72,1,0,0,1,0,0,1,0,0,0,0,0,1,1,0
717,96,96,99,1,0,0,1,0,0,1,0,0,0,0,0,0,1,0
718,76,76,74,1,0,0,1,0,0,0,0,1,0,0,0,0,1,1
719,91,73,80,1,0,0,0,0,1,1,0,0,0,0,0,1,0,0
720,62,72,70,1,0,0,1,0,0,0,0,0,0,1,0,0,0,1
721,55,59,59,1,0,0,0,1,0,0,0,0,0,0,1,1,0,0
722,74,90,88,1,0,1,0,0,0,0,0,0,0,0,1,0,0,0
723,50,48,42,0,0,0,1,0,0,0,0,1,0,0,0,1,1,1
724,47,43,41,0,0,1,0,0,0,0,0,0,0,1,0,1,1,1
725,81,74,71,1,0,0,0,0,1,0,0,0,0,1,0,1,1,0
726,65,75,77,1,0,0,0,0,1,1,0,0,0,0,0,0,1,0
727,68,51,57,1,0,0,0,0,1,0,0,0,0,0,1,1,1,0
728,73,92,84,1,0,0,0,1,0,0,0,1,0,0,0,0,0,1
729,53,39,37,0,0,0,1,0,0,0,0,0,0,1,0,1,1,1
730,68,77,80,1,0,1,0,0,0,1,0,0,0,0,0,0,0,0
731,55,46,43,0,1,0,0,0,0,0,0,0,0,0,1,1,0,1
732,87,89,94,1,0,0,1,0,0,0,0,0,0,1,0,0,1,0
733,55,47,44,0,0,0,0,1,0,0,0,0,0,0,1,1,1,1
734,53,58,57,1,0,0,0,0,1,0,0,0,0,1,0,0,0,1
735,67,57,59,1,0,0,1,0,0,0,0,0,1,0,0,1,1,1
736,92,79,84,1,0,0,1,0,0,1,0,0,0,0,0,1,1,1
737,53,66,73,1,0,1,0,0,0,0,0,0,0,1,0,0,0,0
738,81,71,73,1,0,0,0,1,0,1,0,0,0,0,0,1,1,1
739,61,60,55,1,0,0,1,0,0,0,0,1,0,0,0,1,0,1
740,80,73,72,1,0,0,0,1,0,0,1,0,0,0,0,1,1,1
741,37,57,56,0,1,0,0,0,0,1,0,0,0,0,0,0,0,1
742,81,84,82,1,0,0,1,0,0,0,0,1,0,0,0,0,1,1
743,59,73,72,1,0,0,1,0,0,1,0,0,0,0,0,0,1,0
744,55,55,47,1,0,1,0,0,0,0,0,0,0,1,0,1,0,1
745,72,79,74,1,0,0,0,1,0,1,0,0,0,0,0,1,1,1
746,69,75,71,1,0,0,0,1,0,0,0,1,0,0,0,1,1,1
747,69,64,68,1,0,0,1,0,0,0,0,0,0,1,0,1,1,1
748,50,60,59,1,0,0,1,0,0,0,1,0,0,0,0,0,0,1
749,87,84,86,1,0,1,0,0,0,0,0,0,0,1,0,1,1,0
750,71,69,68,1,0,0,0,1,0,0,0,0,0,0,1,1,1,0
751,68,72,65,1,0,0,0,0,1,0,0,0,0,1,0,1,1,1
752,79,77,75,1,0,0,1,0,0,0,0,0,1,0,0,1,0,0
753,77,90,85,1,0,0,1,0,0,0,0,0,0,0,1,0,1,0
754,58,55,53,1,0,0,1,0,0,1,0,0,0,0,0,1,0,1
755,84,95,92,1,0,0,0,0,1,1,0,0,0,0,0,0,1,1
756,55,58,52,1,0,0,0,1,0,0,0,0,0,1,0,1,1,1
757,70,68,72,1,0,0,0,0,1,0,1,0,0,0,0,1,0,0
758,52,59,65,1,0,0,0,1,0,0,0,0,0,1,0,0,0,0
759,69,77,77,1,0,1,0,0,0,0,0,0,0,1,0,1,1,0
760,53,72,64,1,0,0,1,0,0,0,0,1,0,0,0,0,0,1
761,48,58,54,1,0,0,0,1,0,0,0,0,0,0,1,0,1,1
762,78,81,86,1,0,0,0,1,0,0,0,0,0,0,1,1,1,0
763,62,62,63,1,0,1,0,0,0,0,0,1,0,0,0,0,1,1
764,60,63,59,1,0,0,0,1,0,0,0,0,0,1,0,1,1,1
765,74,72,72,1,0,1,0,0,0,0,0,1,0,0,0,0,1,1
766,58,75,77,1,0,0,1,0,0,0,0,1,0,0,0,0,1,0
767,76,62,60,1,0,1,0,0,0,0,0,1,0,0,0,1,1,0
768,68,71,75,1,0,0,0,1,0,0,0,0,0,0,1,0,1,1
769,58,60,57,1,1,0,0,0,0,0,0,0,0,1,0,1,0,1
770,52,48,49,0,0,1,0,0,0,0,0,1,0,0,0,1,1,1
771,75,73,74,1,0,0,0,1,0,0,1,0,0,0,0,1,1,1
772,52,67,72,1,0,1,0,0,0,0,0,0,0,0,1,0,0,0
773,62,78,79,1,0,0,1,0,0,0,1,0,0,0,0,0,0,1
774,66,65,60,1,0,1,0,0,0,0,0,0,0,1,0,1,1,1
775,49,58,55,1,0,1,0,0,0,0,0,0,0,0,1,0,0,1
776,66,72,70,1,0,1,0,0,0,0,0,1,0,0,0,0,1,1
777,35,44,43,0,0,0,1,0,0,0,0,0,0,1,0,0,0,1
778,72,79,82,1,1,0,0,0,0,0,0,0,0,1,0,0,1,0
779,94,85,82,1,0,0,0,0,1,1,0,0,0,0,0,1,1,0
780,46,56,57,1,0,0,0,1,0,1,0,0,0,0,0,0,0,1
781,77,90,84,1,0,1,0,0,0,0,0,0,1,0,0,0,1,1
782,76,85,82,1,0,1,0,0,0,0,0,1,0,0,0,0,0,0
783,52,59,62,1,0,0,1,0,0,1,0,0,0,0,0,0,1,0
784,91,81,79,1,0,0,1,0,0,0,1,0,0,0,0,1,1,0
785,32,51,44,0,0,1,0,0,0,0,0,0,0,0,1,0,1,0
786,72,79,77,1,0,0,0,0,1,0,0,0,0,0,1,0,0,1
787,19,38,32,0,0,1,0,0,0,0,0,0,0,1,0,0,1,1
788,68,65,61,1,0,0,1,0,0,1,0,0,0,0,0,1,0,1
789,52,65,61,1,0,0,1,0,0,0,0,0,1,0,0,0,0,1
790,48,62,60,1,0,1,0,0,0,0,0,1,0,0,0,0,1,1
791,60,66,70,1,0,0,0,1,0,0,0,0,0,1,0,0,0,1
792,66,74,69,1,0,0,0,1,0,0,0,1,0,0,0,1,0,1
793,89,84,77,1,0,0,0,0,1,0,0,0,0,0,1,1,1,0
794,42,52,51,0,0,1,0,0,0,0,0,1,0,0,0,0,1,1
795,57,68,73,1,0,0,0,0,1,1,0,0,0,0,0,0,0,0
796,70,70,70,1,0,0,0,1,0,0,0,1,0,0,0,1,1,1
797,70,84,81,1,0,0,0,0,1,1,0,0,0,0,0,0,0,1
798,69,60,54,1,0,0,0,0,1,0,0,0,0,1,0,1,1,1
799,52,55,57,1,0,0,1,0,0,1,0,0,0,0,0,0,1,1
800,67,73,68,1,0,0,1,0,0,0,0,0,0,0,1,1,1,0
801,76,80,73,1,0,0,1,0,0,0,0,0,0,0,1,1,1,0
802,87,94,95,1,0,0,0,0,1,1,0,0,0,0,0,0,1,1
803,82,85,87,1,0,1,0,0,0,0,0,0,0,1,0,0,1,1
804,73,76,78,1,0,0,1,0,0,0,0,0,0,1,0,0,1,1
805,75,81,74,1,1,0,0,0,0,0,0,0,0,1,0,1,0,1
806,64,74,75,1,0,0,0,1,0,0,0,0,0,1,0,0,0,1
807,41,45,40,0,0,0,0,0,1,0,0,1,0,0,0,0,0,1
808,90,75,69,1,0,0,1,0,0,0,0,1,0,0,0,1,1,1
809,59,54,51,1,0,1,0,0,0,0,1,0,0,0,0,1,1,1
810,51,31,36,0,1,0,0,0,0,0,0,0,0,0,1,1,1,1
811,45,47,49,0,1,0,0,0,0,0,0,1,0,0,0,1,0,1
812,54,64,67,1,0,0,1,0,0,0,0,0,1,0,0,0,1,0
813,87,84,76,1,0,0,0,0,1,0,0,0,0,0,1,1,1,0
814,72,80,83,1,0,0,1,0,0,0,0,1,0,0,0,0,1,1
815,94,86,87,1,0,1,0,0,0,0,0,0,0,0,1,1,1,0
816,45,59,64,1,1,0,0,0,0,0,1,0,0,0,0,0,1,1
817,61,70,76,1,0,0,0,1,0,0,1,0,0,0,0,1,0,0
818,60,72,68,1,0,1,0,0,0,0,0,1,0,0,0,0,0,1
819,77,91,88,1,0,0,1,0,0,0,0,0,0,0,1,0,1,1
820,85,90,92,1,1,0,0,0,0,0,0,0,0,0,1,0,1,0
821,78,90,93,1,0,0,0,1,0,0,1,0,0,0,0,0,0,1
822,49,52,51,1,0,0,0,0,1,0,0,0,0,1,0,1,0,0
823,71,87,82,1,0,1,0,0,0,0,0,1,0,0,0,0,0,1
824,48,58,52,1,0,0,1,0,0,0,0,0,0,0,1,0,0,1
825,62,67,58,1,0,0,1,0,0,0,0,1,0,0,0,1,1,1
826,56,68,70,1,0,0,1,0,0,1,0,0,0,0,0,0,0,0
827,65,69,76,1,0,0,1,0,0,0,0,0,0,0,1,0,1,1
828,69,86,81,1,0,0,0,1,0,0,0,0,0,0,1,0,0,0
829,68,54,53,1,0,1,0,0,0,0,0,0,0,0,1,1,1,1
830,61,60,57,1,1,0,0,0,0,0,0,0,0,1,0,0,0,1
831,74,86,89,1,0,0,1,0,0,0,1,0,0,0,0,0,0,0
832,64,60,58,1,1,0,0,0,0,0,1,0,0,0,0,1,1,1
833,77,82,89,1,0,1,0,0,0,0,0,1,0,0,0,0,1,0
834,58,50,45,1,0,1,0,0,0,0,0,0,0,1,0,1,1,1
835,60,64,74,1,0,0,1,0,0,0,0,1,0,0,0,0,1,0
836,73,64,57,1,0,0,0,0,1,0,0,1,0,0,0,1,1,1
837,75,82,79,1,1,0,0,0,0,0,0,1,0,0,0,0,1,0
838,58,57,53,1,0,1,0,0,0,1,0,0,0,0,0,1,0,0
839,66,77,73,1,0,0,1,0,0,1,0,0,0,0,0,0,1,1
840,39,52,46,0,0,0,0,1,0,0,0,1,0,0,0,0,0,1
841,64,58,51,1,0,0,1,0,0,0,0,0,0,0,1,1,1,1
842,23,44,36,0,0,1,0,0,0,0,0,1,0,0,0,0,0,0
843,74,77,76,1,0,1,0,0,0,0,0,0,0,1,0,1,0,0
844,40,65,64,1,0,0,0,1,0,0,0,0,0,0,1,0,0,0
845,90,85,84,1,0,0,0,0,1,0,0,0,1,0,0,1,1,1
846,91,85,85,1,0,0,1,0,0,0,0,0,1,0,0,1,1,0
847,64,54,50,1,0,0,0,1,0,0,0,1,0,0,0,1,1,1
848,59,72,68,1,0,0,1,0,0,0,0,1,0,0,0,0,1,1
849,80,75,69,1,0,0,0,1,0,1,0,0,0,0,0,1,1,1
850,71,67,67,1,0,0,1,0,0,0,0,0,1,0,0,1,1,1
851,61,68,63,1,1,0,0,0,0,0,0,1,0,0,0,0,1,1
852,87,85,93,1,0,0,0,0,1,0,0,0,0,1,0,0,1,1
853,82,67,61,1,0,0,0,0,1,0,0,0,0,0,1,1,1,1
854,62,64,55,1,0,0,1,0,0,0,0,0,0,0,1,1,1,1
855,97,97,96,1,0,1,0,0,0,0,1,0,0,0,0,0,1,1
856,75,68,65,1,0,1,0,0,0,0,0,0,0,1,0,1,0,1
857,65,79,81,1,0,0,1,0,0,0,1,0,0,0,0,0,1,1
858,52,49,46,0,0,1,0,0,0,0,0,1,0,0,0,1,1,0
859,87,73,72,1,0,0,1,0,0,1,0,0,0,0,0,1,0,1
860,53,62,53,1,0,0,1,0,0,1,0,0,0,0,0,0,1,1
861,81,86,87,1,0,0,0,0,1,0,0,0,1,0,0,0,0,1
862,39,42,38,0,0,0,0,1,0,0,1,0,0,0,0,1,0,0
863,71,71,80,1,0,0,1,0,0,0,0,0,0,1,0,0,1,0
864,97,93,91,1,0,0,1,0,0,1,0,0,0,0,0,1,1,1
865,82,82,88,1,0,0,0,1,0,0,0,0,0,1,0,1,1,0
866,59,53,52,1,0,0,1,0,0,0,0,1,0,0,0,1,0,1
867,61,42,41,0,0,1,0,0,0,1,0,0,0,0,0,1,1,1
868,78,74,72,1,0,0,0,0,1,1,0,0,0,0,0,1,0,0
869,49,51,51,1,0,0,1,0,0,1,0,0,0,0,0,1,0,1
870,59,58,47,1,0,1,0,0,0,0,0,1,0,0,0,1,1,1
871,70,72,76,1,0,0,1,0,0,0,0,0,0,1,0,0,1,0
872,82,84,78,1,0,1,0,0,0,1,0,0,0,0,0,1,1,0
873,90,90,82,1,0,0,0,0,1,1,0,0,0,0,0,1,0,1
874,43,62,61,1,0,0,1,0,0,0,1,0,0,0,0,0,0,1
875,80,64,66,1,0,0,1,0,0,0,0,0,0,1,0,1,0,1
876,81,82,84,1,0,0,0,1,0,0,0,0,0,1,0,1,1,1
877,57,61,54,1,0,0,1,0,0,0,0,0,0,0,1,1,1,1
878,59,72,80,1,0,0,0,1,0,0,0,0,0,0,1,0,1,1
879,64,76,74,1,0,0,0,1,0,1,0,0,0,0,0,0,1,1
880,63,64,66,1,0,0,1,0,0,0,1,0,0,0,0,1,1,0
881,71,70,70,1,0,0,0,0,1,0,1,0,0,0,0,0,1,0
882,64,73,71,1,0,1,0,0,0,0,0,1,0,0,0,0,0,1
883,55,46,44,0,0,0,0,1,0,0,1,0,0,0,0,1,0,1
884,51,51,54,1,0,0,0,0,1,1,0,0,0,0,0,0,1,1
885,62,76,80,1,0,0,1,0,0,1,0,0,0,0,0,0,1,0
886,93,100,95,1,0,0,0,0,1,1,0,0,0,0,0,0,1,0
887,54,72,59,1,0,0,1,0,0,0,0,1,0,0,0,1,0,1
888,69,65,74,1,0,0,0,1,0,0,0,0,0,1,0,0,0,1
889,44,51,48,0,0,0,0,1,0,0,0,1,0,0,0,1,0,1
890,86,85,91,1,0,0,0,0,1,0,0,0,0,1,0,0,1,0
891,85,92,85,1,0,0,0,0,1,1,0,0,0,0,0,0,1,1
892,50,67,73,1,1,0,0,0,0,0,0,0,1,0,0,0,0,1
893,88,74,75,1,0,0,0,1,0,0,0,0,0,0,1,1,1,0
894,59,62,69,1,0,0,0,0,1,1,0,0,0,0,0,0,1,1
895,32,34,38,0,0,0,0,0,1,0,0,0,0,0,1,0,0,1
896,36,29,27,0,0,1,0,0,0,0,0,1,0,0,0,1,0,1
897,63,78,79,1,0,1,0,0,0,0,0,0,0,0,1,0,0,0
898,67,54,63,1,0,0,0,1,0,1,0,0,0,0,0,1,1,0
899,65,78,82,1,0,0,0,1,0,0,0,0,0,0,1,0,1,0
900,85,84,89,1,0,0,0,1,0,0,0,0,1,0,0,1,1,1
901,73,78,74,1,0,0,1,0,0,0,0,0,1,0,0,0,1,1
902,34,48,41,0,1,0,0,0,0,0,0,1,0,0,0,0,0,0
903,93,100,100,1,0,0,0,1,0,0,1,0,0,0,0,0,0,0
904,67,84,84,1,0,0,0,1,0,0,0,0,0,0,1,0,0,1
905,88,77,77,1,0,0,0,1,0,0,0,0,0,1,0,1,1,1
906,57,48,51,1,0,1,0,0,0,0,0,1,0,0,0,1,1,1
907,79,84,91,1,0,0,0,1,0,0,0,0,0,1,0,0,1,0
908,67,75,72,1,0,0,1,0,0,0,1,0,0,0,0,0,0,1
909,70,64,70,1,0,0,0,0,1,0,1,0,0,0,0,1,1,0
910,50,42,48,0,0,0,0,1,0,0,1,0,0,0,0,1,0,1
911,69,84,82,1,1,0,0,0,0,0,0,0,0,1,0,0,1,1
912,52,61,66,1,0,0,1,0,0,0,1,0,0,0,0,0,1,0
913,47,62,66,1,0,0,1,0,0,0,1,0,0,0,0,0,0,0
914,46,61,55,1,0,1,0,0,0,1,0,0,0,0,0,0,0,1
915,68,70,66,1,0,0,0,0,1,0,0,0,0,1,0,0,1,1
916,100,100,100,1,0,0,0,0,1,0,1,0,0,0,0,1,1,0
917,44,61,52,1,0,0,1,0,0,0,0,1,0,0,0,0,1,1
918,57,77,80,1,0,0,1,0,0,1,0,0,0,0,0,0,1,0
919,91,96,91,1,0,1,0,0,0,0,0,0,0,1,0,1,1,0
920,69,70,67,1,0,0,0,1,0,0,0,1,0,0,0,1,0,1
921,35,53,46,0,0,0,1,0,0,0,0,1,0,0,0,0,0,1
922,72,66,66,1,0,0,0,1,0,0,0,1,0,0,0,1,1,1
923,54,65,65,1,0,1,0,0,0,1,0,0,0,0,0,0,0,1
924,74,70,69,1,0,0,0,1,0,0,0,1,0,0,0,1,0,1
925,74,64,60,1,0,0,0,0,1,0,0,0,0,0,1,1,1,0
926,64,56,52,1,0,0,0,0,1,1,0,0,0,0,0,1,0,1
927,65,61,71,1,0,0,0,1,0,0,0,1,0,0,0,0,0,0
928,46,43,44,0,0,0,0,0,1,1,0,0,0,0,0,1,0,0
929,48,56,51,1,0,0,1,0,0,0,0,0,0,0,1,0,0,1
930,67,74,70,1,0,0,1,0,0,0,0,0,0,1,0,1,0,0
931,62,57,62,1,0,0,0,1,0,0,0,0,0,1,0,1,0,1
932,61,71,73,1,0,0,0,1,0,1,0,0,0,0,0,1,0,0
933,70,75,74,1,0,0,1,0,0,0,1,0,0,0,0,1,0,0
934,98,87,90,1,0,0,1,0,0,1,0,0,0,0,0,1,1,0
935,70,63,58,1,0,0,0,1,0,0,0,0,0,1,0,1,0,1
936,67,57,53,1,1,0,0,0,0,1,0,0,0,0,0,1,1,1
937,57,58,57,1,0,0,0,0,1,0,0,1,0,0,0,0,0,1
938,85,81,85,1,0,0,0,1,0,0,0,0,0,1,0,1,1,0
939,77,68,69,1,0,0,0,1,0,0,0,0,0,0,1,1,1,0
940,72,66,72,1,0,0,1,0,0,0,0,0,1,0,0,1,0,0
941,78,91,96,1,0,0,0,1,0,0,0,0,1,0,0,0,1,1
942,81,66,64,1,0,0,1,0,0,0,0,1,0,0,0,1,1,1
943,61,62,61,1,1,0,0,0,0,0,0,0,0,0,1,1,0,0
944,58,68,61,1,0,1,0,0,0,0,0,1,0,0,0,0,1,1
945,54,61,58,1,0,0,1,0,0,1,0,0,0,0,0,0,1,1
946,82,82,80,1,0,1,0,0,0,0,0,1,0,0,0,1,1,1
947,49,58,60,1,0,0,0,1,0,0,0,0,0,1,0,0,0,1
948,49,50,52,1,0,1,0,0,0,0,0,0,0,0,1,1,0,0
949,57,75,73,1,0,0,0,0,1,0,0,1,0,0,0,0,0,0
950,94,73,71,1,0,0,0,0,1,0,0,1,0,0,0,1,1,1
951,75,77,83,1,0,0,0,1,0,0,0,0,0,1,0,0,1,0
952,74,74,72,1,0,0,0,0,1,0,0,0,0,0,1,0,0,1
953,58,52,54,1,0,0,1,0,0,0,0,1,0,0,0,1,1,0
954,62,69,69,1,0,0,1,0,0,0,0,0,0,1,0,0,1,1
955,72,57,62,1,0,0,0,0,1,1,0,0,0,0,0,1,1,1
956,84,87,81,1,0,0,1,0,0,0,0,0,0,1,0,1,1,1
957,92,100,100,1,0,0,0,1,0,0,0,0,1,0,0,0,1,1
958,45,63,59,1,0,0,0,1,0,0,0,1,0,0,0,0,1,1
959,75,81,71,1,0,0,1,0,0,0,0,1,0,0,0,1,1,1
960,56,58,64,1,1,0,0,0,0,0,0,0,0,1,0,0,1,1
961,48,54,53,1,0,0,0,1,0,0,0,0,0,0,1,0,0,1
962,100,100,100,1,0,0,0,0,1,1,0,0,0,0,0,0,1,1
963,65,76,75,1,0,0,1,0,0,0,0,0,0,0,1,0,0,0
964,72,57,58,1,0,0,0,1,0,0,0,0,0,1,0,1,1,1
965,62,70,72,1,0,0,0,1,0,0,0,0,0,1,0,0,1,1
966,66,68,64,1,1,0,0,0,0,0,0,0,0,0,1,1,1,0
967,63,63,60,1,0,0,1,0,0,0,0,0,0,1,0,1,1,1
968,68,76,67,1,0,0,0,0,1,1,0,0,0,0,0,0,1,1
969,75,84,80,1,0,1,0,0,0,0,1,0,0,0,0,0,1,1
970,89,100,100,1,0,0,0,1,0,0,1,0,0,0,0,0,1,1
971,78,72,69,1,0,0,1,0,0,0,0,0,0,0,1,1,1,0
972,53,50,60,1,1,0,0,0,0,0,0,1,0,0,0,0,0,0
973,49,65,61,1,0,0,0,1,0,0,0,0,0,1,0,0,0,1
974,54,63,67,1,1,0,0,0,0,0,0,0,0,1,0,0,1,1
975,64,82,77,1,0,0,1,0,0,0,0,0,0,1,0,0,1,0
976,60,62,60,1,0,1,0,0,0,0,0,0,0,1,0,1,0,0
977,62,65,58,1,0,0,1,0,0,1,0,0,0,0,0,1,1,1
978,55,41,48,0,0,0,0,1,0,0,0,1,0,0,0,1,1,0
979,91,95,94,1,0,0,1,0,0,1,0,0,0,0,0,0,1,1
980,8,24,23,0,0,1,0,0,0,0,0,1,0,0,0,0,0,1
981,81,78,78,1,0,0,0,1,0,0,0,0,0,0,1,1,1,1
982,79,85,86,1,0,1,0,0,0,0,0,0,0,0,1,1,1,0
983,78,87,91,1,1,0,0,0,0,0,0,0,0,1,0,0,1,0
984,74,75,82,1,0,0,1,0,0,0,0,0,0,0,1,0,1,1
985,57,51,54,1,1,0,0,0,0,0,0,1,0,0,0,1,1,1
986,40,59,51,0,0,0,1,0,0,1,0,0,0,0,0,0,1,1
987,81,75,76,1,0,0,0,0,1,0,0,0,0,0,1,1,1,0
988,44,45,45,0,1,0,0,0,0,0,0,0,0,0,1,0,0,1
989,67,86,83,1,0,0,0,1,0,0,0,0,0,1,0,0,0,0
990,86,81,75,1,0,0,0,0,1,0,0,1,0,0,0,1,0,0
991,65,82,78,1,0,1,0,0,0,0,0,0,0,0,1,0,1,0
992,55,76,76,1,0,0,0,1,0,1,0,0,0,0,0,0,0,1
993,62,72,74,1,0,0,0,1,0,0,1,0,0,0,0,0,0,1
994,63,63,62,1,1,0,0,0,0,0,0,1,0,0,0,1,1,1
995,88,99,95,1,0,0,0,0,1,0,0,0,1,0,0,0,1,0
996,62,55,55,1,0,0,1,0,0,0,0,1,0,0,0,1,0,1
997,59,71,65,1,0,0,1,0,0,0,0,1,0,0,0,0,0,0
998,68,78,77,1,0,0,0,1,0,0,0,0,0,1,0,0,1,0
999,77,86,86,1,0,0,0,1,0,0,0,0,0,1,0,0,0,1
